ID,Class
10000,I
10001,A
10002,E
10003,T
10004,A
10005,R
10006,A
10007,S
10008,A
10009,E
10010,A
10011,I
10012,1
10013,A
10014,S
10015,6
10016,d
10017,R
10018,I
10019,O
10020,N
10021,E
10022,D
10023,E
10024,a
10025,N
10026,O
10027,O
10028,O
10029,R
10030,O
10031,o
10032,e
10033,N
10034,A
10035,a
10036,A
10037,E
10038,C
10039,A
10040,n
10041,H
10042,A
10043,N
10044,A
10045,O
10046,R
10047,E
10048,N
10049,e
10050,o
10051,A
10052,N
10053,E
10054,A
10055,E
10056,O
10057,I
10058,s
10059,O
10060,A
10061,H
10062,t
10063,T
10064,D
10065,J
10066,I
10067,N
10068,N
10069,O
10070,m
10071,A
10072,A
10073,E
10074,A
10075,A
10076,A
10077,n
10078,P
10079,A
10080,O
10081,T
10082,A
10083,R
10084,O
10085,D
10086,R
10087,S
10088,N
10089,R
10090,i
10091,S
10092,I
10093,P
10094,R
10095,E
10096,e
10097,O
10098,A
10099,S
10100,o
10101,S
10102,o
10103,a
10104,N
10105,M
10106,E
10107,O
10108,B
10109,I
10110,S
10111,A
10112,W
10113,A
10114,E
10115,O
10116,e
10117,e
10118,A
10119,A
10120,N
10121,I
10122,n
10123,S
10124,E
10125,C
10126,O
10127,B
10128,r
10129,R
10130,o
10131,E
10132,I
10133,E
10134,I
10135,A
10136,T
10137,M
10138,C
10139,A
10140,N
10141,R
10142,A
10143,e
10144,l
10145,I
10146,A
10147,E
10148,A
10149,C
10150,S
10151,N
10152,A
10153,A
10154,I
10155,e
10156,I
10157,N
10158,A
10159,A
10160,O
10161,D
10162,H
10163,o
10164,E
10165,A
10166,A
10167,a
10168,R
10169,H
10170,T
10171,T
10172,I
10173,N
10174,r
10175,l
10176,R
10177,R
10178,H
10179,1
10180,E
10181,O
10182,I
10183,E
10184,I
10185,T
10186,o
10187,o
10188,v
10189,N
10190,N
10191,i
10192,A
10193,e
10194,T
10195,i
10196,O
10197,E
10198,E
10199,I
10200,A
10201,N
10202,A
10203,N
10204,I
10205,l
10206,e
10207,E
10208,E
10209,T
10210,D
10211,L
10212,o
10213,I
10214,P
10215,O
10216,H
10217,n
10218,n
10219,a
10220,I
10221,R
10222,R
10223,S
10224,A
10225,e
10226,C
10227,H
10228,S
10229,r
10230,A
10231,r
10232,C
10233,A
10234,n
10235,I
10236,N
10237,I
10238,a
10239,t
10240,I
10241,E
10242,E
10243,O
10244,r
10245,E
10246,E
10247,I
10248,e
10249,R
10250,T
10251,E
10252,I
10253,n
10254,e
10255,E
10256,O
10257,T
10258,N
10259,R
10260,A
10261,A
10262,E
10263,A
10264,A
10265,l
10266,O
10267,S
10268,O
10269,E
10270,m
10271,N
10272,A
10273,e
10274,A
10275,r
10276,O
10277,O
10278,P
10279,A
10280,S
10281,O
10282,e
10283,A
10284,T
10285,O
10286,D
10287,E
10288,e
10289,O
10290,A
10291,H
10292,R
10293,t
10294,A
10295,I
10296,A
10297,O
10298,i
10299,I
10300,N
10301,L
10302,3
10303,T
10304,a
10305,E
10306,E
10307,e
10308,T
10309,a
10310,1
10311,O
10312,E
10313,A
10314,A
10315,O
10316,T
10317,A
10318,O
10319,e
10320,t
10321,l
10322,I
10323,R
10324,A
10325,E
10326,O
10327,I
10328,N
10329,N
10330,t
10331,n
10332,T
10333,t
10334,9
10335,i
10336,A
10337,F
10338,e
10339,l
10340,N
10341,E
10342,i
10343,A
10344,N
10345,R
10346,m
10347,O
10348,S
10349,t
10350,n
10351,e
10352,R
10353,t
10354,I
10355,i
10356,A
10357,A
10358,N
10359,O
10360,A
10361,P
10362,t
10363,t
10364,N
10365,t
10366,I
10367,O
10368,B
10369,T
10370,I
10371,O
10372,T
10373,O
10374,I
10375,K
10376,R
10377,E
10378,N
10379,e
10380,T
10381,o
10382,S
10383,T
10384,E
10385,i
10386,T
10387,S
10388,S
10389,S
10390,S
10391,O
10392,N
10393,S
10394,A
10395,D
10396,i
10397,I
10398,A
10399,B
10400,R
10401,C
10402,A
10403,O
10404,O
10405,r
10406,N
10407,A
10408,I
10409,E
10410,n
10411,e
10412,A
10413,M
10414,E
10415,I
10416,N
10417,E
10418,I
10419,O
10420,I
10421,I
10422,R
10423,L
10424,E
10425,A
10426,A
10427,E
10428,A
10429,T
10430,M
10431,r
10432,R
10433,E
10434,R
10435,V
10436,O
10437,A
10438,O
10439,I
10440,E
10441,a
10442,t
10443,n
10444,T
10445,A
10446,A
10447,D
10448,A
10449,O
10450,R
10451,E
10452,A
10453,A
10454,A
10455,D
10456,E
10457,R
10458,A
10459,D
10460,a
10461,O
10462,1
10463,A
10464,N
10465,y
10466,N
10467,O
10468,T
10469,O
10470,I
10471,e
10472,h
10473,A
10474,O
10475,o
10476,O
10477,E
10478,O
10479,I
10480,r
10481,O
10482,d
10483,A
10484,t
10485,T
10486,A
10487,R
10488,5
10489,e
10490,q
10491,A
10492,I
10493,O
10494,N
10495,A
10496,N
10497,R
10498,A
10499,T
10500,e
10501,M
10502,E
10503,O
10504,r
10505,N
10506,I
10507,E
10508,O
10509,O
10510,O
10511,R
10512,A
10513,P
10514,R
10515,E
10516,A
10517,R
10518,N
10519,N
10520,n
10521,R
10522,S
10523,e
10524,E
10525,I
10526,H
10527,O
10528,R
10529,R
10530,S
10531,a
10532,A
10533,A
10534,I
10535,A
10536,j
10537,A
10538,O
10539,A
10540,a
10541,T
10542,E
10543,D
10544,A
10545,i
10546,O
10547,S
10548,I
10549,A
10550,N
10551,D
10552,A
10553,A
10554,H
10555,I
10556,A
10557,O
10558,D
10559,L
10560,R
10561,r
10562,O
10563,O
10564,N
10565,E
10566,a
10567,1
10568,R
10569,P
10570,R
10571,h
10572,E
10573,E
10574,l
10575,A
10576,t
10577,O
10578,E
10579,N
10580,A
10581,O
10582,D
10583,I
10584,O
10585,A
10586,A
10587,a
10588,I
10589,a
10590,O
10591,I
10592,N
10593,N
10594,O
10595,A
10596,R
10597,P
10598,D
10599,B
10600,S
10601,L
10602,A
10603,n
10604,O
10605,i
10606,A
10607,O
10608,E
10609,E
10610,I
10611,e
10612,O
10613,N
10614,E
10615,N
10616,O
10617,I
10618,o
10619,O
10620,i
10621,l
10622,r
10623,I
10624,S
10625,A
10626,S
10627,a
10628,R
10629,N
10630,i
10631,P
10632,A
10633,E
10634,I
10635,N
10636,T
10637,A
10638,A
10639,t
10640,E
10641,E
10642,O
10643,T
10644,I
10645,G
10646,e
10647,N
10648,T
10649,O
10650,L
10651,A
10652,H
10653,N
10654,R
10655,I
10656,A
10657,D
10658,N
10659,r
10660,A
10661,E
10662,i
10663,M
10664,N
10665,R
10666,O
10667,T
10668,O
10669,N
10670,I
10671,L
10672,I
10673,O
10674,E
10675,R
10676,A
10677,O
10678,i
10679,N
10680,S
10681,N
10682,R
10683,N
10684,t
10685,a
10686,e
10687,O
10688,A
10689,R
10690,q
10691,R
10692,A
10693,L
10694,A
10695,1
10696,H
10697,I
10698,i
10699,a
10700,A
10701,I
10702,A
10703,A
10704,C
10705,O
10706,I
10707,N
10708,a
10709,e
10710,R
10711,A
10712,n
10713,l
10714,I
10715,N
10716,N
10717,A
10718,B
10719,O
10720,A
10721,N
10722,E
10723,A
10724,A
10725,T
10726,N
10727,I
10728,A
10729,H
10730,A
10731,P
10732,e
10733,S
10734,N
10735,n
10736,A
10737,D
10738,A
10739,O
10740,O
10741,A
10742,I
10743,A
10744,B
10745,I
10746,M
10747,I
10748,e
10749,H
10750,A
10751,A
10752,E
10753,i
10754,T
10755,A
10756,M
10757,A
10758,i
10759,e
10760,e
10761,a
10762,A
10763,O
10764,A
10765,e
10766,e
10767,i
10768,R
10769,E
10770,E
10771,I
10772,I
10773,I
10774,e
10775,N
10776,T
10777,I
10778,A
10779,N
10780,C
10781,E
10782,I
10783,R
10784,a
10785,O
10786,k
10787,R
10788,R
10789,R
10790,R
10791,i
10792,M
10793,A
10794,i
10795,I
10796,N
10797,A
10798,n
10799,A
10800,A
10801,O
10802,A
10803,e
10804,E
10805,a
10806,d
10807,E
10808,E
10809,t
10810,R
10811,E
10812,E
10813,E
10814,A
10815,o
10816,B
10817,r
10818,O
10819,I
10820,R
10821,A
10822,R
10823,O
10824,R
10825,A
10826,L
10827,C
10828,A
10829,C
10830,T
10831,o
10832,T
10833,A
10834,D
10835,S
10836,r
10837,N
10838,A
10839,a
10840,o
10841,N
10842,I
10843,A
10844,a
10845,A
10846,n
10847,N
10848,B
10849,a
10850,D
10851,A
10852,R
10853,A
10854,a
10855,C
10856,T
10857,O
10858,i
10859,N
10860,N
10861,R
10862,M
10863,A
10864,e
10865,O
10866,E
10867,R
10868,1
10869,E
10870,I
10871,A
10872,O
10873,O
10874,N
10875,S
10876,A
10877,O
10878,n
10879,E
10880,A
10881,N
10882,A
10883,e
10884,a
10885,R
10886,I
10887,i
10888,e
10889,R
10890,R
10891,I
10892,l
10893,A
10894,N
10895,R
10896,e
10897,E
10898,a
10899,o
10900,t
10901,I
10902,E
10903,I
10904,R
10905,A
10906,A
10907,L
10908,E
10909,E
10910,A
10911,N
10912,i
10913,O
10914,V
10915,A
10916,H
10917,A
10918,A
10919,N
10920,E
10921,E
10922,N
10923,I
10924,T
10925,N
10926,C
10927,A
10928,M
10929,s
10930,m
10931,O
10932,O
10933,E
10934,L
10935,a
10936,S
10937,N
10938,i
10939,e
10940,N
10941,R
10942,a
10943,I
10944,E
10945,O
10946,E
10947,A
10948,A
10949,a
10950,G
10951,A
10952,A
10953,t
10954,S
10955,A
10956,E
10957,A
10958,E
10959,N
10960,O
10961,A
10962,A
10963,t
10964,E
10965,T
10966,N
10967,O
10968,A
10969,n
10970,A
10971,I
10972,r
10973,A
10974,A
10975,R
10976,R
10977,I
10978,R
10979,N
10980,P
10981,a
10982,S
10983,o
10984,I
10985,A
10986,l
10987,H
10988,R
10989,I
10990,e
10991,I
10992,R
10993,E
10994,E
10995,e
10996,O
10997,B
10998,O
10999,D
11000,D
11001,T
11002,I
11003,e
11004,C
11005,A
11006,C
11007,O
11008,T
11009,e
11010,N
11011,A
11012,N
11013,A
11014,D
11015,I
11016,i
11017,N
11018,D
11019,A
11020,c
11021,E
11022,r
11023,a
11024,A
11025,T
11026,S
11027,D
11028,R
11029,e
11030,I
11031,I
11032,T
11033,S
11034,A
11035,n
11036,T
11037,a
11038,l
11039,I
11040,A
11041,N
11042,A
11043,T
11044,a
11045,A
11046,P
11047,A
11048,A
11049,l
11050,O
11051,E
11052,A
11053,O
11054,P
11055,r
11056,e
11057,E
11058,D
11059,A
11060,A
11061,A
11062,A
11063,A
11064,R
11065,O
11066,O
11067,E
11068,O
11069,E
11070,A
11071,N
11072,N
11073,I
11074,E
11075,E
11076,a
11077,E
11078,D
11079,M
11080,T
11081,o
11082,E
11083,A
11084,i
11085,n
11086,O
11087,R
11088,s
11089,m
11090,K
11091,T
11092,S
11093,N
11094,A
11095,A
11096,a
11097,i
11098,E
11099,A
11100,A
11101,O
11102,A
11103,A
11104,O
11105,N
11106,e
11107,L
11108,T
11109,r
11110,P
11111,A
11112,E
11113,n
11114,O
11115,A
11116,E
11117,R
11118,c
11119,D
11120,2
11121,O
11122,i
11123,N
11124,O
11125,I
11126,R
11127,r
11128,O
11129,O
11130,C
11131,C
11132,D
11133,I
11134,n
11135,O
11136,M
11137,D
11138,T
11139,A
11140,E
11141,O
11142,A
11143,A
11144,A
11145,e
11146,N
11147,a
11148,H
11149,E
11150,O
11151,N
11152,A
11153,n
11154,E
11155,A
11156,M
11157,E
11158,A
11159,N
11160,C
11161,E
11162,R
11163,A
11164,S
11165,A
11166,A
11167,E
11168,O
11169,A
11170,O
11171,A
11172,A
11173,m
11174,i
11175,a
11176,R
11177,R
11178,A
11179,A
11180,T
11181,t
11182,R
11183,n
11184,T
11185,P
11186,O
11187,O
11188,O
11189,A
11190,A
11191,A
11192,A
11193,L
11194,a
11195,R
11196,D
11197,i
11198,I
11199,N
11200,G
11201,D
11202,a
11203,T
11204,N
11205,o
11206,S
11207,a
11208,E
11209,A
11210,D
11211,N
11212,A
11213,A
11214,R
11215,a
11216,E
11217,O
11218,R
11219,R
11220,h
11221,h
11222,n
11223,E
11224,A
11225,O
11226,A
11227,A
11228,A
11229,O
11230,S
11231,E
11232,A
11233,l
11234,A
11235,R
11236,R
11237,O
11238,N
11239,E
11240,1
11241,R
11242,R
11243,N
11244,I
11245,a
11246,C
11247,N
11248,O
11249,D
11250,H
11251,O
11252,S
11253,I
11254,1
11255,o
11256,P
11257,A
11258,T
11259,R
11260,N
11261,a
11262,A
11263,N
11264,D
11265,a
11266,D
11267,E
11268,N
11269,a
11270,A
11271,C
11272,A
11273,L
11274,A
11275,i
11276,E
11277,O
11278,R
11279,N
11280,i
11281,T
11282,R
11283,M
11284,S
11285,C
11286,T
11287,E
11288,R
11289,a
11290,I
11291,N
11292,S
11293,F
11294,O
11295,e
11296,O
11297,E
11298,A
11299,R
11300,P
11301,U
11302,l
11303,N
11304,A
11305,A
11306,D
11307,D
11308,P
11309,E
11310,A
11311,E
11312,e
11313,I
11314,e
11315,o
11316,I
11317,A
11318,a
11319,a
11320,E
11321,B
11322,t
11323,T
11324,a
11325,D
11326,5
11327,C
11328,N
11329,U
11330,t
11331,S
11332,A
11333,A
11334,l
11335,V
11336,P
11337,o
11338,l
11339,D
11340,a
11341,L
11342,e
11343,E
11344,J
11345,m
11346,i
11347,n
11348,O
11349,e
11350,A
11351,r
11352,T
11353,I
11354,A
11355,I
11356,O
11357,A
11358,E
11359,e
11360,E
11361,i
11362,I
11363,A
11364,r
11365,E
11366,O
11367,A
11368,A
11369,D
11370,O
11371,a
11372,L
11373,I
11374,n
11375,A
11376,A
11377,L
11378,a
11379,R
11380,C
11381,E
11382,S
11383,e
11384,A
11385,c
11386,I
11387,A
11388,E
11389,R
11390,A
11391,S
11392,a
11393,e
11394,A
11395,N
11396,i
11397,C
11398,R
11399,O
11400,N
11401,I
11402,I
11403,P
11404,A
11405,N
11406,L
11407,I
11408,N
11409,I
11410,A
11411,A
11412,I
11413,L
11414,e
11415,T
11416,E
11417,o
11418,e
11419,O
11420,i
11421,O
11422,A
11423,A
11424,D
11425,I
11426,E
11427,e
11428,O
11429,A
11430,A
11431,H
11432,L
11433,H
11434,O
11435,D
11436,e
11437,T
11438,A
11439,A
11440,D
11441,r
11442,A
11443,H
11444,A
11445,D
11446,i
11447,E
11448,S
11449,e
11450,E
11451,I
11452,e
11453,E
11454,s
11455,e
11456,T
11457,A
11458,C
11459,O
11460,r
11461,S
11462,T
11463,I
11464,I
11465,L
11466,N
11467,r
11468,A
11469,2
11470,a
11471,s
11472,L
11473,I
11474,1
11475,A
11476,S
11477,A
11478,E
11479,A
11480,4
11481,O
11482,A
11483,i
11484,A
11485,e
11486,S
11487,N
11488,R
11489,R
11490,R
11491,I
11492,S
11493,e
11494,E
11495,C
11496,A
11497,a
11498,P
11499,O
11500,a
11501,i
11502,E
11503,t
11504,T
11505,o
11506,S
11507,H
11508,i
11509,o
11510,A
11511,A
11512,I
11513,A
11514,A
11515,n
11516,d
11517,O
11518,N
11519,I
11520,A
11521,R
11522,M
11523,L
11524,O
11525,A
11526,I
11527,I
11528,E
11529,O
11530,C
11531,a
11532,A
11533,a
11534,A
11535,J
11536,T
11537,O
11538,n
11539,i
11540,O
11541,m
11542,f
11543,D
11544,n
11545,S
11546,E
11547,A
11548,A
11549,o
11550,O
11551,e
11552,x
11553,t
11554,C
11555,O
11556,i
11557,e
11558,R
11559,D
11560,A
11561,2
11562,A
11563,A
11564,I
11565,r
11566,E
11567,A
11568,C
11569,d
11570,I
11571,A
11572,A
11573,A
11574,T
11575,A
11576,L
11577,n
11578,L
11579,S
11580,O
11581,R
11582,U
11583,R
11584,t
11585,I
11586,A
11587,N
11588,O
11589,B
11590,M
11591,A
11592,N
11593,T
11594,R
11595,I
11596,e
11597,N
11598,I
11599,N
11600,T
11601,e
11602,D
11603,O
11604,A
11605,N
11606,A
11607,o
11608,e
11609,a
11610,A
11611,K
11612,A
11613,R
11614,I
11615,I
11616,n
11617,R
11618,A
11619,O
11620,A
11621,O
11622,I
11623,E
11624,B
11625,T
11626,E
11627,A
11628,O
11629,K
11630,I
11631,T
11632,t
11633,S
11634,A
11635,E
11636,A
11637,T
11638,O
11639,o
11640,C
11641,T
11642,P
11643,a
11644,E
11645,T
11646,N
11647,L
11648,B
11649,A
11650,I
11651,O
11652,A
11653,N
11654,o
11655,R
11656,5
11657,N
11658,n
11659,n
11660,N
11661,N
11662,L
11663,E
11664,A
11665,E
11666,S
11667,E
11668,A
11669,a
11670,I
11671,A
11672,r
11673,T
11674,N
11675,E
11676,B
11677,e
11678,I
11679,O
11680,r
11681,E
11682,A
11683,A
11684,O
11685,A
11686,I
11687,A
11688,A
11689,A
11690,C
11691,A
11692,R
11693,E
11694,A
11695,O
11696,R
11697,N
11698,I
11699,M
11700,I
11701,P
11702,O
11703,A
11704,A
11705,A
11706,E
11707,L
11708,A
11709,I
11710,O
11711,A
11712,d
11713,I
11714,A
11715,A
11716,A
11717,S
11718,O
11719,T
11720,i
11721,N
11722,n
11723,A
11724,A
11725,O
11726,R
11727,A
11728,M
11729,n
11730,L
11731,A
11732,I
11733,I
11734,E
11735,A
11736,A
11737,O
11738,I
11739,h
11740,e
11741,t
11742,a
11743,m
11744,k
11745,A
11746,O
11747,a
11748,A
11749,t
11750,R
11751,A
11752,A
11753,O
11754,E
11755,S
11756,A
11757,i
11758,I
11759,I
11760,A
11761,N
11762,N
11763,e
11764,a
11765,E
11766,s
11767,O
11768,t
11769,O
11770,O
11771,N
11772,D
11773,N
11774,E
11775,A
11776,t
11777,r
11778,S
11779,A
11780,i
11781,S
11782,H
11783,N
11784,E
11785,I
11786,A
11787,c
11788,E
11789,N
11790,a
11791,e
11792,e
11793,E
11794,a
11795,i
11796,p
11797,O
11798,E
11799,A
11800,l
11801,o
11802,R
11803,e
11804,n
11805,I
11806,A
11807,T
11808,A
11809,A
11810,O
11811,a
11812,l
11813,O
11814,E
11815,A
11816,B
11817,O
11818,r
11819,n
11820,T
11821,N
11822,T
11823,n
11824,A
11825,I
11826,A
11827,a
11828,N
11829,R
11830,A
11831,T
11832,O
11833,5
11834,A
11835,H
11836,O
11837,A
11838,i
11839,E
11840,e
11841,N
11842,e
11843,R
11844,E
11845,E
11846,A
11847,N
11848,N
11849,a
11850,T
11851,A
11852,C
11853,A
11854,N
11855,M
11856,A
11857,I
11858,L
11859,D
11860,s
11861,L
11862,A
11863,E
11864,R
11865,I
11866,A
11867,a
11868,I
11869,I
11870,T
11871,i
11872,a
11873,A
11874,r
11875,D
11876,d
11877,R
11878,e
11879,e
11880,N
11881,i
11882,A
11883,N
11884,A
11885,S
11886,I
11887,L
11888,T
11889,M
11890,i
11891,A
11892,T
11893,T
11894,e
11895,T
11896,A
11897,R
11898,O
11899,A
11900,O
11901,I
11902,a
11903,T
11904,I
11905,N
11906,A
11907,A
11908,S
11909,E
11910,L
11911,T
11912,E
11913,e
11914,D
11915,E
11916,i
11917,n
11918,O
11919,M
11920,A
11921,O
11922,O
11923,A
11924,e
11925,M
11926,e
11927,O
11928,L
11929,i
11930,A
11931,n
11932,I
11933,R
11934,A
11935,O
11936,O
11937,R
11938,I
11939,N
11940,r
11941,D
11942,N
11943,A
11944,E
11945,C
11946,A
11947,T
11948,n
11949,O
11950,O
11951,e
11952,A
11953,T
11954,N
11955,e
11956,n
11957,o
11958,S
11959,A
11960,O
11961,D
11962,E
11963,E
11964,a
11965,i
11966,A
11967,l
11968,A
11969,e
11970,A
11971,E
11972,i
11973,t
11974,S
11975,e
11976,I
11977,A
11978,O
11979,E
11980,e
11981,E
11982,E
11983,n
11984,a
11985,O
11986,A
11987,O
11988,O
11989,E
11990,D
11991,A
11992,E
11993,N
11994,A
11995,c
11996,T
11997,f
11998,A
11999,O
12000,A
12001,A
12002,I
12003,W
12004,R
12005,I
12006,a
12007,N
12008,A
12009,c
12010,R
12011,R
12012,A
12013,O
12014,T
12015,P
12016,N
12017,N
12018,i
12019,D
12020,I
12021,E
12022,A
12023,E
12024,O
12025,E
12026,E
12027,N
12028,e
12029,1
12030,O
12031,A
12032,I
12033,E
12034,d
12035,A
12036,O
12037,E
12038,a
12039,d
12040,o
12041,o
12042,E
12043,A
12044,O
12045,M
12046,S
12047,I
12048,S
12049,A
12050,D
12051,e
12052,e
12053,E
12054,N
12055,E
12056,A
12057,S
12058,e
12059,i
12060,L
12061,O
12062,T
12063,n
12064,A
12065,E
12066,e
12067,O
12068,N
12069,t
12070,O
12071,H
12072,S
12073,d
12074,d
12075,O
12076,i
12077,R
12078,A
12079,h
12080,S
12081,N
12082,a
12083,t
12084,s
12085,A
12086,A
12087,O
12088,A
12089,I
12090,T
12091,i
12092,M
12093,r
12094,T
12095,e
12096,L
12097,A
12098,m
12099,R
12100,e
12101,r
12102,e
12103,O
12104,A
12105,I
12106,O
12107,A
12108,A
12109,m
12110,a
12111,A
12112,i
12113,A
12114,N
12115,I
12116,K
12117,E
12118,A
12119,N
12120,R
12121,I
12122,D
12123,A
12124,e
12125,T
12126,T
12127,A
12128,m
12129,a
12130,R
12131,n
12132,O
12133,A
12134,e
12135,O
12136,l
12137,a
12138,R
12139,A
12140,A
12141,n
12142,E
12143,A
12144,A
12145,A
12146,a
12147,1
12148,e
12149,E
12150,E
12151,n
12152,E
12153,a
12154,C
12155,I
12156,A
12157,A
12158,A
12159,O
12160,E
12161,A
12162,e
12163,1
12164,a
12165,n
12166,O
12167,O
12168,E
12169,O
12170,N
12171,c
12172,A
12173,O
12174,A
12175,I
12176,r
12177,A
12178,A
12179,D
12180,E
12181,O
12182,D
12183,A
12184,S
12185,e
12186,A
12187,O
12188,R
12189,E
12190,N
12191,A
12192,E
12193,O
12194,E
12195,D
12196,D
12197,D
12198,a
12199,A
12200,A
12201,m
12202,A
12203,E
12204,T
12205,E
12206,A
12207,A
12208,T
12209,n
12210,i
12211,i
12212,A
12213,R
12214,A
12215,i
12216,P
12217,A
12218,a
12219,R
12220,M
12221,A
12222,R
12223,B
12224,M
12225,e
12226,t
12227,a
12228,T
12229,S
12230,r
12231,N
12232,R
12233,R
12234,O
12235,E
12236,A
12237,m
12238,x
12239,R
12240,R
12241,M
12242,N
12243,S
12244,A
12245,P
12246,n
12247,H
12248,i
12249,A
12250,R
12251,A
12252,n
12253,R
12254,D
12255,A
12256,A
12257,O
12258,I
12259,e
12260,A
12261,O
12262,E
12263,O
12264,n
12265,O
12266,O
12267,H
12268,O
12269,c
12270,i
12271,O
12272,R
12273,A
12274,o
12275,A
12276,O
12277,M
12278,C
12279,T
12280,A
12281,E
12282,M
12283,A
12284,O
12285,a
12286,O
12287,E
12288,S
12289,S
12290,M
12291,A
12292,m
12293,A
12294,N
12295,O
12296,N
12297,E
12298,b
12299,P
12300,A
12301,E
12302,G
12303,O
12304,A
12305,i
12306,A
12307,O
12308,i
12309,E
12310,o
12311,I
12312,A
12313,D
12314,A
12315,H
12316,A
12317,a
12318,A
12319,O
12320,R
12321,O
12322,T
12323,i
12324,A
12325,A
12326,N
12327,E
12328,O
12329,I
12330,I
12331,e
12332,F
12333,E
12334,E
12335,O
12336,N
12337,E
12338,A
12339,1
12340,A
12341,N
12342,E
12343,A
12344,A
12345,T
12346,I
12347,O
12348,a
12349,A
12350,A
12351,A
12352,A
12353,N
12354,N
12355,R
12356,E
12357,A
12358,r
12359,O
12360,A
12361,C
12362,I
12363,T
12364,l
12365,E
12366,R
12367,D
12368,e
12369,I
12370,P
12371,O
12372,E
12373,A
12374,A
12375,I
12376,C
12377,M
12378,I
12379,A
12380,A
12381,T
12382,O
12383,n
12384,O
12385,A
12386,e
12387,I
12388,x
12389,D
12390,n
12391,A
12392,A
12393,l
12394,O
12395,N
12396,C
12397,M
12398,D
12399,i
12400,A
12401,O
12402,L
12403,A
12404,D
12405,A
12406,E
12407,E
12408,T
12409,L
12410,N
12411,x
12412,D
12413,O
12414,I
12415,a
12416,A
12417,A
12418,O
12419,7
12420,H
12421,A
12422,I
12423,8
12424,n
12425,A
12426,A
12427,a
12428,A
12429,O
12430,R
12431,E
12432,N
12433,R
12434,t
12435,A
12436,R
12437,A
12438,R
12439,N
12440,I
12441,S
12442,A
12443,N
12444,O
12445,N
12446,E
12447,e
12448,O
12449,m
12450,e
12451,O
12452,A
12453,L
12454,A
12455,O
12456,I
12457,A
12458,A
12459,l
12460,A
12461,B
12462,t
12463,L
12464,I
12465,E
12466,n
12467,N
12468,e
12469,A
12470,N
12471,A
12472,N
12473,O
12474,E
12475,A
12476,O
12477,i
12478,n
12479,E
12480,n
12481,R
12482,A
12483,R
12484,O
12485,N
12486,A
12487,A
12488,O
12489,N
12490,E
12491,S
12492,N
12493,I
12494,I
12495,O
12496,P
12497,T
12498,I
12499,T
12500,o
12501,E
12502,E
12503,U
6284,I
6285,A
6286,O
6287,I
6288,I
6289,i
6290,O
6291,A
6292,s
6293,H
6294,E
6295,A
6296,0
6297,N
6298,S
6299,A
6300,A
6301,a
6302,A
6303,E
6304,A
6305,r
6306,A
6307,S
6308,I
6309,S
6310,i
6311,A
6312,A
6313,r
6314,A
6315,W
6316,e
6317,N
6318,n
6319,A
6320,L
6321,b
6322,N
6323,A
6324,r
6325,A
6326,A
6327,A
6328,i
6329,I
6330,R
6331,I
6332,I
6333,I
6334,O
6335,D
6336,i
6337,e
6338,N
6339,l
6340,d
6341,A
6342,P
6343,R
6344,I
6345,A
6346,E
6347,A
6348,N
6349,A
6350,N
6351,A
6352,i
6353,E
6354,o
6355,L
6356,O
6357,I
6358,A
6359,L
6360,E
6361,e
6362,E
6363,R
6364,A
6365,M
6366,T
6367,N
6368,i
6369,R
6370,a
6371,A
6372,A
6373,A
6374,H
6375,E
6376,E
6377,l
6378,a
6379,S
6380,T
6381,M
6382,A
6383,e
6384,L
6385,N
6386,O
6387,E
6388,n
6389,A
6390,A
6391,S
6392,I
6393,A
6394,N
6395,E
6396,i
6397,G
6398,A
6399,A
6400,f
6401,S
6402,A
6403,c
6404,E
6405,U
6406,A
6407,C
6408,I
6409,5
6410,N
6411,O
6412,l
6413,O
6414,O
6415,T
6416,R
6417,O
6418,R
6419,E
6420,m
6421,E
6422,O
6423,R
6424,S
6425,A
6426,h
6427,n
6428,A
6429,R
6430,E
6431,t
6432,I
6433,A
6434,G
6435,A
6436,T
6437,T
6438,o
6439,O
6440,d
6441,O
6442,A
6443,O
6444,E
6445,I
6446,n
6447,A
6448,N
6449,X
6450,e
6451,O
6452,N
6453,I
6454,R
6455,C
6456,E
6457,e
6458,a
6459,N
6460,O
6461,O
6462,A
6463,H
6464,n
6465,O
6466,A
6467,e
6468,A
6469,r
6470,E
6471,R
6472,I
6473,o
6474,C
6475,h
6476,A
6477,A
6478,O
6479,A
6480,A
6481,A
6482,O
6483,I
6484,A
6485,N
6486,A
6487,A
6488,B
6489,i
6490,A
6491,O
6492,P
6493,O
6494,I
6495,A
6496,r
6497,D
6498,A
6499,U
6500,A
6501,D
6502,E
6503,a
6504,A
6505,s
6506,O
6507,A
6508,A
6509,E
6510,U
6511,a
6512,A
6513,A
6514,N
6515,a
6516,H
6517,A
6518,A
6519,E
6520,A
6521,a
6522,E
6523,C
6524,A
6525,E
6526,E
6527,I
6528,D
6529,R
6530,A
6531,O
6532,F
6533,N
6534,e
6535,e
6536,T
6537,A
6538,A
6539,e
6540,C
6541,O
6542,C
6543,p
6544,O
6545,A
6546,l
6547,t
6548,S
6549,T
6550,A
6551,R
6552,N
6553,A
6554,a
6555,S
6556,A
6557,m
6558,I
6559,A
6560,a
6561,R
6562,O
6563,R
6564,a
6565,I
6566,a
6567,A
6568,L
6569,S
6570,S
6571,O
6572,A
6573,N
6574,D
6575,D
6576,N
6577,A
6578,o
6579,A
6580,A
6581,l
6582,E
6583,i
6584,a
6585,l
6586,I
6587,e
6588,E
6589,e
6590,b
6591,e
6592,I
6593,a
6594,e
6595,R
6596,i
6597,o
6598,A
6599,I
6600,1
6601,A
6602,o
6603,C
6604,I
6605,N
6606,L
6607,N
6608,E
6609,i
6610,H
6611,a
6612,A
6613,a
6614,O
6615,c
6616,B
6617,P
6618,D
6619,D
6620,R
6621,e
6622,G
6623,O
6624,A
6625,o
6626,A
6627,n
6628,O
6629,I
6630,K
6631,H
6632,T
6633,N
6634,c
6635,I
6636,i
6637,A
6638,T
6639,n
6640,O
6641,T
6642,D
6643,R
6644,0
6645,e
6646,T
6647,R
6648,O
6649,n
6650,e
6651,N
6652,I
6653,C
6654,R
6655,E
6656,C
6657,C
6658,R
6659,e
6660,T
6661,G
6662,A
6663,O
6664,n
6665,i
6666,R
6667,O
6668,A
6669,i
6670,T
6671,A
6672,E
6673,E
6674,H
6675,I
6676,O
6677,0
6678,R
6679,a
6680,L
6681,r
6682,e
6683,E
6684,A
6685,R
6686,A
6687,l
6688,o
6689,L
6690,A
6691,I
6692,T
6693,H
6694,T
6695,L
6696,O
6697,E
6698,T
6699,o
6700,A
6701,A
6702,A
6703,I
6704,D
6705,A
6706,d
6707,E
6708,t
6709,N
6710,l
6711,a
6712,a
6713,T
6714,N
6715,S
6716,A
6717,A
6718,N
6719,N
6720,v
6721,S
6722,R
6723,N
6724,n
6725,A
6726,T
6727,A
6728,E
6729,7
6730,E
6731,a
6732,l
6733,E
6734,i
6735,t
6736,a
6737,H
6738,a
6739,a
6740,E
6741,T
6742,I
6743,e
6744,A
6745,E
6746,N
6747,N
6748,O
6749,O
6750,A
6751,t
6752,t
6753,R
6754,S
6755,O
6756,O
6757,O
6758,A
6759,A
6760,1
6761,A
6762,S
6763,I
6764,O
6765,S
6766,I
6767,H
6768,a
6769,O
6770,I
6771,E
6772,E
6773,N
6774,S
6775,T
6776,O
6777,a
6778,O
6779,a
6780,s
6781,R
6782,D
6783,i
6784,A
6785,C
6786,E
6787,I
6788,I
6789,a
6790,n
6791,I
6792,R
6793,O
6794,N
6795,T
6796,O
6797,A
6798,e
6799,A
6800,A
6801,r
6802,H
6803,A
6804,A
6805,A
6806,I
6807,A
6808,I
6809,A
6810,p
6811,R
6812,R
6813,N
6814,a
6815,D
6816,A
6817,I
6818,t
6819,O
6820,A
6821,A
6822,S
6823,N
6824,L
6825,O
6826,a
6827,N
6828,N
6829,N
6830,I
6831,n
6832,N
6833,E
6834,e
6835,T
6836,N
6837,I
6838,L
6839,I
6840,I
6841,I
6842,R
6843,N
6844,H
6845,e
6846,A
6847,r
6848,A
6849,I
6850,N
6851,o
6852,a
6853,I
6854,r
6855,O
6856,n
6857,A
6858,e
6859,T
6860,O
6861,I
6862,n
6863,e
6864,o
6865,1
6866,I
6867,D
6868,R
6869,R
6870,L
6871,I
6872,A
6873,C
6874,S
6875,I
6876,l
6877,A
6878,L
6879,A
6880,N
6881,A
6882,O
6883,N
6884,L
6885,O
6886,S
6887,H
6888,A
6889,E
6890,J
6891,S
6892,E
6893,N
6894,O
6895,I
6896,I
6897,A
6898,A
6899,A
6900,A
6901,l
6902,n
6903,R
6904,A
6905,A
6906,l
6907,N
6908,A
6909,e
6910,E
6911,I
6912,A
6913,A
6914,I
6915,O
6916,E
6917,a
6918,o
6919,i
6920,R
6921,1
6922,E
6923,O
6924,o
6925,o
6926,E
6927,N
6928,E
6929,A
6930,R
6931,O
6932,O
6933,A
6934,R
6935,L
6936,E
6937,A
6938,I
6939,A
6940,O
6941,A
6942,O
6943,E
6944,O
6945,o
6946,E
6947,I
6948,a
6949,I
6950,L
6951,O
6952,A
6953,D
6954,A
6955,R
6956,a
6957,A
6958,A
6959,n
6960,T
6961,E
6962,N
6963,E
6964,O
6965,A
6966,T
6967,R
6968,T
6969,E
6970,E
6971,t
6972,N
6973,E
6974,T
6975,I
6976,O
6977,a
6978,D
6979,A
6980,O
6981,A
6982,A
6983,A
6984,o
6985,O
6986,o
6987,E
6988,A
6989,E
6990,A
6991,E
6992,O
6993,T
6994,S
6995,N
6996,A
6997,O
6998,T
6999,R
7000,A
7001,A
7002,A
7003,A
7004,D
7005,T
7006,U
7007,A
7008,S
7009,E
7010,m
7011,R
7012,O
7013,I
7014,E
7015,D
7016,A
7017,a
7018,s
7019,I
7020,A
7021,N
7022,i
7023,n
7024,n
7025,w
7026,N
7027,e
7028,N
7029,T
7030,t
7031,R
7032,N
7033,e
7034,i
7035,o
7036,A
7037,O
7038,a
7039,A
7040,A
7041,A
7042,L
7043,r
7044,A
7045,N
7046,C
7047,e
7048,a
7049,I
7050,I
7051,O
7052,1
7053,d
7054,P
7055,E
7056,I
7057,A
7058,l
7059,I
7060,S
7061,A
7062,T
7063,i
7064,a
7065,O
7066,A
7067,T
7068,e
7069,N
7070,E
7071,O
7072,7
7073,e
7074,E
7075,A
7076,A
7077,o
7078,e
7079,R
7080,A
7081,A
7082,A
7083,D
7084,a
7085,R
7086,A
7087,h
7088,e
7089,D
7090,E
7091,I
7092,P
7093,R
7094,m
7095,o
7096,a
7097,o
7098,E
7099,r
7100,D
7101,N
7102,T
7103,E
7104,I
7105,o
7106,T
7107,L
7108,O
7109,A
7110,I
7111,A
7112,I
7113,T
7114,o
7115,E
7116,B
7117,L
7118,A
7119,I
7120,i
7121,S
7122,N
7123,N
7124,E
7125,I
7126,N
7127,R
7128,A
7129,e
7130,A
7131,m
7132,A
7133,O
7134,N
7135,L
7136,F
7137,b
7138,G
7139,D
7140,T
7141,A
7142,A
7143,A
7144,A
7145,t
7146,a
7147,a
7148,W
7149,e
7150,r
7151,L
7152,O
7153,A
7154,a
7155,A
7156,x
7157,M
7158,O
7159,A
7160,E
7161,P
7162,E
7163,I
7164,D
7165,A
7166,E
7167,t
7168,E
7169,E
7170,O
7171,O
7172,E
7173,D
7174,A
7175,a
7176,A
7177,A
7178,A
7179,S
7180,A
7181,x
7182,R
7183,A
7184,A
7185,t
7186,A
7187,O
7188,h
7189,9
7190,a
7191,A
7192,A
7193,l
7194,A
7195,A
7196,C
7197,L
7198,A
7199,n
7200,A
7201,i
7202,N
7203,f
7204,D
7205,I
7206,O
7207,a
7208,I
7209,t
7210,A
7211,P
7212,T
7213,A
7214,A
7215,R
7216,i
7217,T
7218,T
7219,E
7220,o
7221,A
7222,O
7223,R
7224,N
7225,R
7226,I
7227,A
7228,A
7229,O
7230,E
7231,x
7232,N
7233,A
7234,L
7235,o
7236,O
7237,A
7238,R
7239,n
7240,R
7241,L
7242,A
7243,A
7244,A
7245,i
7246,I
7247,O
7248,R
7249,O
7250,O
7251,e
7252,E
7253,D
7254,E
7255,A
7256,C
7257,A
7258,L
7259,E
7260,i
7261,I
7262,e
7263,N
7264,I
7265,r
7266,g
7267,S
7268,A
7269,s
7270,E
7271,n
7272,O
7273,R
7274,A
7275,N
7276,A
7277,i
7278,e
7279,L
7280,t
7281,g
7282,n
7283,e
7284,L
7285,I
7286,A
7287,R
7288,R
7289,E
7290,T
7291,A
7292,i
7293,E
7294,D
7295,N
7296,o
7297,A
7298,D
7299,A
7300,A
7301,l
7302,N
7303,O
7304,I
7305,E
7306,A
7307,L
7308,A
7309,a
7310,n
7311,E
7312,e
7313,A
7314,A
7315,e
7316,e
7317,A
7318,A
7319,A
7320,O
7321,c
7322,I
7323,E
7324,A
7325,e
7326,D
7327,D
7328,N
7329,i
7330,N
7331,R
7332,N
7333,C
7334,A
7335,D
7336,E
7337,N
7338,S
7339,T
7340,t
7341,A
7342,E
7343,t
7344,L
7345,A
7346,A
7347,O
7348,D
7349,r
7350,o
7351,e
7352,E
7353,U
7354,n
7355,n
7356,O
7357,A
7358,A
7359,o
7360,E
7361,R
7362,E
7363,R
7364,E
7365,A
7366,T
7367,D
7368,N
7369,E
7370,S
7371,r
7372,O
7373,T
7374,H
7375,A
7376,O
7377,T
7378,T
7379,4
7380,i
7381,I
7382,S
7383,A
7384,A
7385,M
7386,E
7387,a
7388,O
7389,d
7390,A
7391,a
7392,I
7393,N
7394,O
7395,A
7396,A
7397,L
7398,G
7399,O
7400,A
7401,R
7402,N
7403,N
7404,o
7405,D
7406,R
7407,e
7408,N
7409,e
7410,S
7411,A
7412,t
7413,E
7414,N
7415,E
7416,A
7417,E
7418,A
7419,a
7420,L
7421,i
7422,O
7423,A
7424,7
7425,R
7426,i
7427,N
7428,R
7429,o
7430,a
7431,i
7432,I
7433,A
7434,N
7435,r
7436,I
7437,O
7438,E
7439,O
7440,E
7441,a
7442,N
7443,e
7444,E
7445,s
7446,A
7447,D
7448,C
7449,A
7450,E
7451,A
7452,A
7453,A
7454,O
7455,U
7456,O
7457,H
7458,e
7459,O
7460,a
7461,M
7462,A
7463,f
7464,I
7465,i
7466,O
7467,a
7468,a
7469,A
7470,O
7471,N
7472,N
7473,1
7474,P
7475,A
7476,P
7477,R
7478,S
7479,A
7480,R
7481,S
7482,R
7483,I
7484,e
7485,A
7486,A
7487,P
7488,D
7489,B
7490,n
7491,R
7492,A
7493,a
7494,O
7495,A
7496,a
7497,E
7498,a
7499,I
7500,e
7501,e
7502,N
7503,e
7504,N
7505,T
7506,C
7507,h
7508,A
7509,A
7510,I
7511,O
7512,I
7513,S
7514,A
7515,S
7516,I
7517,L
7518,A
7519,O
7520,E
7521,A
7522,C
7523,A
7524,A
7525,A
7526,O
7527,P
7528,P
7529,A
7530,e
7531,O
7532,U
7533,A
7534,C
7535,c
7536,E
7537,T
7538,s
7539,r
7540,l
7541,T
7542,E
7543,R
7544,E
7545,m
7546,R
7547,R
7548,n
7549,e
7550,I
7551,A
7552,A
7553,A
7554,O
7555,A
7556,R
7557,N
7558,N
7559,N
7560,M
7561,A
7562,O
7563,A
7564,T
7565,N
7566,I
7567,O
7568,R
7569,R
7570,E
7571,E
7572,E
7573,E
7574,A
7575,e
7576,e
7577,A
7578,T
7579,R
7580,V
7581,O
7582,L
7583,N
7584,I
7585,n
7586,I
7587,N
7588,E
7589,e
7590,S
7591,n
7592,e
7593,T
7594,M
7595,R
7596,r
7597,J
7598,T
7599,E
7600,r
7601,i
7602,O
7603,N
7604,A
7605,N
7606,I
7607,E
7608,B
7609,A
7610,A
7611,V
7612,N
7613,D
7614,I
7615,D
7616,i
7617,A
7618,T
7619,e
7620,S
7621,M
7622,e
7623,e
7624,A
7625,E
7626,M
7627,O
7628,i
7629,M
7630,N
7631,a
7632,I
7633,A
7634,i
7635,N
7636,E
7637,A
7638,O
7639,B
7640,A
7641,t
7642,A
7643,A
7644,a
7645,R
7646,T
7647,1
7648,A
7649,M
7650,A
7651,A
7652,I
7653,A
7654,A
7655,a
7656,N
7657,A
7658,t
7659,A
7660,A
7661,e
7662,A
7663,3
7664,E
7665,L
7666,N
7667,A
7668,O
7669,T
7670,N
7671,e
7672,a
7673,I
7674,v
7675,A
7676,i
7677,P
7678,h
7679,T
7680,T
7681,A
7682,a
7683,A
7684,o
7685,N
7686,s
7687,A
7688,O
7689,O
7690,C
7691,D
7692,N
7693,F
7694,T
7695,N
7696,H
7697,o
7698,E
7699,N
7700,R
7701,R
7702,n
7703,P
7704,L
7705,n
7706,A
7707,R
7708,E
7709,n
7710,e
7711,A
7712,P
7713,O
7714,A
7715,e
7716,N
7717,A
7718,O
7719,T
7720,t
7721,O
7722,E
7723,P
7724,A
7725,S
7726,I
7727,R
7728,N
7729,E
7730,o
7731,i
7732,N
7733,e
7734,A
7735,O
7736,a
7737,E
7738,R
7739,o
7740,E
7741,D
7742,A
7743,A
7744,I
7745,R
7746,A
7747,C
7748,E
7749,N
7750,T
7751,E
7752,B
7753,T
7754,E
7755,N
7756,i
7757,D
7758,e
7759,C
7760,O
7761,A
7762,R
7763,S
7764,A
7765,I
7766,A
7767,L
7768,R
7769,A
7770,N
7771,A
7772,A
7773,A
7774,R
7775,O
7776,a
7777,D
7778,t
7779,n
7780,D
7781,I
7782,l
7783,R
7784,I
7785,a
7786,E
7787,L
7788,T
7789,e
7790,A
7791,R
7792,B
7793,l
7794,N
7795,A
7796,I
7797,I
7798,O
7799,D
7800,E
7801,I
7802,I
7803,A
7804,A
7805,e
7806,b
7807,a
7808,O
7809,N
7810,A
7811,S
7812,e
7813,i
7814,e
7815,N
7816,I
7817,E
7818,7
7819,O
7820,V
7821,E
7822,R
7823,E
7824,S
7825,A
7826,R
7827,r
7828,N
7829,R
7830,S
7831,D
7832,O
7833,E
7834,A
7835,n
7836,A
7837,e
7838,t
7839,S
7840,A
7841,e
7842,O
7843,A
7844,a
7845,n
7846,h
7847,C
7848,E
7849,N
7850,t
7851,R
7852,A
7853,M
7854,G
7855,T
7856,A
7857,D
7858,N
7859,M
7860,N
7861,A
7862,o
7863,m
7864,n
7865,e
7866,N
7867,i
7868,q
7869,S
7870,O
7871,E
7872,O
7873,E
7874,A
7875,A
7876,N
7877,s
7878,a
7879,E
7880,A
7881,N
7882,A
7883,O
7884,a
7885,S
7886,A
7887,A
7888,I
7889,P
7890,E
7891,N
7892,A
7893,T
7894,A
7895,N
7896,D
7897,d
7898,a
7899,E
7900,A
7901,E
7902,e
7903,R
7904,N
7905,T
7906,O
7907,I
7908,i
7909,e
7910,A
7911,N
7912,e
7913,a
7914,A
7915,C
7916,H
7917,T
7918,I
7919,t
7920,S
7921,D
7922,A
7923,N
7924,H
7925,A
7926,E
7927,R
7928,0
7929,t
7930,C
7931,N
7932,d
7933,A
7934,E
7935,A
7936,e
7937,O
7938,A
7939,I
7940,E
7941,A
7942,B
7943,O
7944,T
7945,C
7946,N
7947,N
7948,N
7949,n
7950,t
7951,T
7952,A
7953,R
7954,I
7955,D
7956,A
7957,I
7958,A
7959,A
7960,r
7961,E
7962,N
7963,A
7964,I
7965,O
7966,I
7967,S
7968,E
7969,D
7970,S
7971,R
7972,O
7973,n
7974,T
7975,c
7976,A
7977,A
7978,q
7979,O
7980,e
7981,T
7982,R
7983,J
7984,n
7985,t
7986,r
7987,O
7988,E
7989,C
7990,A
7991,A
7992,R
7993,A
7994,o
7995,i
7996,O
7997,L
7998,A
7999,D
8000,A
8001,O
8002,S
8003,a
8004,O
8005,i
8006,t
8007,l
8008,U
8009,A
8010,P
8011,E
8012,O
8013,H
8014,i
8015,E
8016,O
8017,r
8018,T
8019,I
8020,T
8021,A
8022,A
8023,I
8024,N
8025,a
8026,e
8027,P
8028,a
8029,A
8030,A
8031,N
8032,C
8033,O
8034,R
8035,R
8036,i
8037,E
8038,T
8039,O
8040,A
8041,A
8042,w
8043,R
8044,R
8045,w
8046,T
8047,O
8048,O
8049,m
8050,A
8051,A
8052,O
8053,2
8054,R
8055,E
8056,N
8057,E
8058,I
8059,E
8060,I
8061,D
8062,R
8063,t
8064,R
8065,T
8066,S
8067,r
8068,I
8069,N
8070,N
8071,E
8072,A
8073,A
8074,I
8075,S
8076,O
8077,a
8078,E
8079,e
8080,x
8081,A
8082,N
8083,D
8084,D
8085,R
8086,i
8087,k
8088,L
8089,O
8090,E
8091,a
8092,T
8093,E
8094,A
8095,0
8096,l
8097,A
8098,A
8099,A
8100,C
8101,I
8102,I
8103,A
8104,v
8105,A
8106,A
8107,R
8108,A
8109,I
8110,R
8111,A
8112,i
8113,R
8114,e
8115,O
8116,A
8117,I
8118,M
8119,L
8120,A
8121,A
8122,S
8123,n
8124,I
8125,R
8126,H
8127,N
8128,I
8129,A
8130,r
8131,A
8132,I
8133,A
8134,E
8135,A
8136,C
8137,A
8138,E
8139,r
8140,O
8141,I
8142,E
8143,O
8144,T
8145,A
8146,I
8147,A
8148,O
8149,A
8150,O
8151,a
8152,o
8153,A
8154,E
8155,O
8156,i
8157,e
8158,l
8159,A
8160,t
8161,A
8162,S
8163,S
8164,3
8165,E
8166,E
8167,A
8168,T
8169,S
8170,O
8171,E
8172,A
8173,A
8174,E
8175,E
8176,R
8177,N
8178,e
8179,T
8180,I
8181,l
8182,A
8183,G
8184,E
8185,a
8186,L
8187,L
8188,A
8189,R
8190,o
8191,E
8192,1
8193,N
8194,R
8195,N
8196,z
8197,A
8198,S
8199,N
8200,I
8201,A
8202,T
8203,R
8204,A
8205,A
8206,R
8207,c
8208,e
8209,O
8210,e
8211,R
8212,R
8213,A
8214,C
8215,A
8216,N
8217,e
8218,A
8219,O
8220,T
8221,N
8222,N
8223,O
8224,I
8225,A
8226,O
8227,A
8228,A
8229,I
8230,s
8231,e
8232,E
8233,N
8234,A
8235,A
8236,i
8237,e
8238,A
8239,N
8240,O
8241,S
8242,C
8243,A
8244,N
8245,R
8246,E
8247,A
8248,M
8249,E
8250,A
8251,o
8252,e
8253,O
8254,O
8255,A
8256,E
8257,R
8258,E
8259,N
8260,A
8261,F
8262,O
8263,i
8264,R
8265,O
8266,D
8267,O
8268,A
8269,e
8270,H
8271,A
8272,A
8273,O
8274,a
8275,F
8276,B
8277,r
8278,4
8279,e
8280,A
8281,e
8282,I
8283,A
8284,A
8285,L
8286,P
8287,I
8288,H
8289,N
8290,P
8291,I
8292,L
8293,O
8294,i
8295,E
8296,A
8297,D
8298,n
8299,E
8300,A
8301,O
8302,2
8303,R
8304,R
8305,O
8306,N
8307,N
8308,i
8309,N
8310,O
8311,A
8312,T
8313,A
8314,7
8315,A
8316,A
8317,N
8318,E
8319,A
8320,e
8321,a
8322,I
8323,A
8324,E
8325,A
8326,T
8327,A
8328,A
8329,I
8330,n
8331,S
8332,A
8333,a
8334,A
8335,e
8336,A
8337,A
8338,o
8339,A
8340,i
8341,R
8342,r
8343,A
8344,i
8345,N
8346,O
8347,i
8348,O
8349,E
8350,I
8351,r
8352,T
8353,t
8354,E
8355,T
8356,l
8357,E
8358,O
8359,I
8360,I
8361,I
8362,L
8363,N
8364,G
8365,o
8366,N
8367,O
8368,A
8369,S
8370,R
8371,t
8372,l
8373,I
8374,N
8375,P
8376,L
8377,N
8378,R
8379,D
8380,N
8381,D
8382,S
8383,R
8384,A
8385,a
8386,D
8387,c
8388,E
8389,O
8390,N
8391,i
8392,D
8393,E
8394,N
8395,G
8396,A
8397,E
8398,a
8399,I
8400,a
8401,H
8402,a
8403,T
8404,T
8405,S
8406,N
8407,S
8408,A
8409,E
8410,N
8411,E
8412,H
8413,C
8414,I
8415,E
8416,A
8417,C
8418,l
8419,D
8420,N
8421,N
8422,M
8423,N
8424,N
8425,O
8426,M
8427,E
8428,t
8429,A
8430,O
8431,N
8432,A
8433,R
8434,N
8435,S
8436,E
8437,A
8438,O
8439,A
8440,O
8441,A
8442,B
8443,H
8444,E
8445,t
8446,I
8447,A
8448,A
8449,D
8450,O
8451,N
8452,E
8453,B
8454,a
8455,I
8456,O
8457,R
8458,a
8459,I
8460,A
8461,1
8462,O
8463,E
8464,R
8465,a
8466,o
8467,N
8468,O
8469,A
8470,l
8471,D
8472,A
8473,e
8474,R
8475,E
8476,R
8477,S
8478,A
8479,a
8480,l
8481,e
8482,R
8483,S
8484,c
8485,T
8486,E
8487,N
8488,S
8489,o
8490,B
8491,A
8492,O
8493,e
8494,E
8495,E
8496,S
8497,I
8498,A
8499,I
8500,A
8501,O
8502,A
8503,a
8504,N
8505,E
8506,T
8507,N
8508,M
8509,A
8510,N
8511,E
8512,E
8513,6
8514,E
8515,A
8516,O
8517,A
8518,I
8519,I
8520,N
8521,A
8522,t
8523,A
8524,C
8525,A
8526,t
8527,H
8528,O
8529,e
8530,A
8531,R
8532,D
8533,a
8534,i
8535,N
8536,E
8537,S
8538,O
8539,E
8540,A
8541,R
8542,n
8543,E
8544,n
8545,A
8546,t
8547,L
8548,N
8549,I
8550,S
8551,e
8552,n
8553,O
8554,O
8555,E
8556,S
8557,D
8558,a
8559,R
8560,I
8561,M
8562,O
8563,C
8564,O
8565,i
8566,T
8567,I
8568,e
8569,I
8570,I
8571,M
8572,O
8573,S
8574,C
8575,A
8576,B
8577,C
8578,e
8579,N
8580,T
8581,R
8582,O
8583,a
8584,H
8585,E
8586,O
8587,a
8588,e
8589,A
8590,A
8591,A
8592,R
8593,I
8594,A
8595,E
8596,O
8597,A
8598,i
8599,I
8600,N
8601,L
8602,b
8603,1
8604,T
8605,E
8606,A
8607,N
8608,A
8609,O
8610,A
8611,L
8612,R
8613,I
8614,G
8615,R
8616,T
8617,R
8618,N
8619,e
8620,D
8621,R
8622,a
8623,l
8624,R
8625,M
8626,A
8627,E
8628,O
8629,S
8630,n
8631,O
8632,O
8633,E
8634,O
8635,A
8636,I
8637,C
8638,T
8639,A
8640,N
8641,A
8642,A
8643,n
8644,A
8645,e
8646,O
8647,O
8648,o
8649,I
8650,e
8651,N
8652,R
8653,E
8654,E
8655,s
8656,A
8657,I
8658,A
8659,N
8660,R
8661,D
8662,l
8663,I
8664,A
8665,I
8666,I
8667,A
8668,D
8669,O
8670,D
8671,A
8672,R
8673,n
8674,S
8675,I
8676,D
8677,C
8678,R
8679,I
8680,R
8681,E
8682,E
8683,E
8684,o
8685,C
8686,A
8687,D
8688,A
8689,S
8690,r
8691,S
8692,I
8693,E
8694,I
8695,R
8696,t
8697,O
8698,N
8699,R
8700,O
8701,E
8702,E
8703,L
8704,a
8705,A
8706,D
8707,T
8708,9
8709,E
8710,V
8711,I
8712,T
8713,a
8714,i
8715,a
8716,A
8717,A
8718,N
8719,R
8720,o
8721,R
8722,R
8723,T
8724,1
8725,t
8726,A
8727,a
8728,N
8729,S
8730,N
8731,O
8732,e
8733,n
8734,R
8735,T
8736,I
8737,A
8738,A
8739,L
8740,O
8741,I
8742,N
8743,O
8744,E
8745,I
8746,a
8747,R
8748,E
8749,o
8750,E
8751,E
8752,P
8753,o
8754,a
8755,O
8756,I
8757,i
8758,A
8759,i
8760,A
8761,e
8762,A
8763,N
8764,A
8765,t
8766,e
8767,R
8768,I
8769,e
8770,O
8771,A
8772,N
8773,S
8774,e
8775,B
8776,C
8777,n
8778,R
8779,O
8780,R
8781,T
8782,0
8783,T
8784,L
8785,A
8786,L
8787,A
8788,A
8789,S
8790,e
8791,e
8792,O
8793,A
8794,a
8795,N
8796,O
8797,T
8798,N
8799,a
8800,a
8801,O
8802,U
8803,O
8804,O
8805,E
8806,S
8807,L
8808,x
8809,A
8810,I
8811,R
8812,A
8813,O
8814,C
8815,4
8816,A
8817,H
8818,N
8819,S
8820,L
8821,e
8822,A
8823,E
8824,I
8825,I
8826,A
8827,7
8828,A
8829,e
8830,q
8831,O
8832,v
8833,A
8834,o
8835,D
8836,A
8837,P
8838,r
8839,E
8840,e
8841,N
8842,A
8843,O
8844,R
8845,S
8846,e
8847,R
8848,1
8849,A
8850,E
8851,E
8852,U
8853,R
8854,O
8855,I
8856,A
8857,e
8858,E
8859,A
8860,S
8861,D
8862,U
8863,L
8864,A
8865,A
8866,N
8867,O
8868,L
8869,g
8870,E
8871,R
8872,A
8873,O
8874,N
8875,P
8876,E
8877,I
8878,n
8879,i
8880,L
8881,N
8882,O
8883,O
8884,A
8885,N
8886,1
8887,S
8888,D
8889,A
8890,A
8891,R
8892,O
8893,A
8894,n
8895,q
8896,N
8897,t
8898,e
8899,A
8900,e
8901,e
8902,a
8903,R
8904,O
8905,D
8906,B
8907,A
8908,a
8909,I
8910,1
8911,O
8912,E
8913,E
8914,A
8915,R
8916,E
8917,A
8918,R
8919,A
8920,O
8921,I
8922,N
8923,T
8924,E
8925,s
8926,E
8927,T
8928,I
8929,A
8930,A
8931,D
8932,A
8933,L
8934,r
8935,A
8936,P
8937,B
8938,O
8939,N
8940,A
8941,a
8942,S
8943,A
8944,N
8945,x
8946,R
8947,t
8948,T
8949,B
8950,l
8951,I
8952,O
8953,r
8954,e
8955,O
8956,D
8957,F
8958,A
8959,O
8960,e
8961,I
8962,N
8963,H
8964,A
8965,O
8966,A
8967,S
8968,K
8969,N
8970,A
8971,O
8972,R
8973,A
8974,I
8975,A
8976,A
8977,A
8978,l
8979,A
8980,o
8981,A
8982,R
8983,b
8984,D
8985,b
8986,N
8987,s
8988,K
8989,e
8990,L
8991,A
8992,1
8993,t
8994,A
8995,e
8996,H
8997,D
8998,I
8999,A
9000,E
9001,N
9002,o
9003,I
9004,D
9005,A
9006,N
9007,P
9008,I
9009,o
9010,A
9011,D
9012,t
9013,o
9014,R
9015,A
9016,R
9017,A
9018,a
9019,R
9020,I
9021,T
9022,N
9023,A
9024,H
9025,A
9026,A
9027,O
9028,A
9029,I
9030,h
9031,A
9032,O
9033,I
9034,E
9035,D
9036,O
9037,I
9038,O
9039,E
9040,N
9041,A
9042,D
9043,A
9044,d
9045,O
9046,I
9047,A
9048,A
9049,I
9050,e
9051,b
9052,D
9053,n
9054,A
9055,A
9056,C
9057,O
9058,A
9059,I
9060,H
9061,A
9062,A
9063,i
9064,A
9065,C
9066,A
9067,I
9068,E
9069,O
9070,o
9071,T
9072,n
9073,O
9074,N
9075,A
9076,A
9077,B
9078,L
9079,A
9080,A
9081,A
9082,i
9083,A
9084,O
9085,E
9086,N
9087,i
9088,T
9089,N
9090,A
9091,N
9092,x
9093,r
9094,E
9095,D
9096,a
9097,A
9098,a
9099,A
9100,A
9101,R
9102,A
9103,A
9104,a
9105,d
9106,H
9107,I
9108,i
9109,D
9110,I
9111,1
9112,N
9113,A
9114,T
9115,E
9116,N
9117,e
9118,s
9119,T
9120,E
9121,e
9122,A
9123,a
9124,n
9125,E
9126,R
9127,R
9128,a
9129,R
9130,i
9131,N
9132,I
9133,A
9134,E
9135,r
9136,A
9137,R
9138,r
9139,A
9140,O
9141,a
9142,E
9143,R
9144,R
9145,e
9146,O
9147,t
9148,A
9149,I
9150,T
9151,A
9152,G
9153,O
9154,A
9155,O
9156,i
9157,D
9158,e
9159,r
9160,7
9161,A
9162,S
9163,M
9164,A
9165,A
9166,I
9167,e
9168,f
9169,O
9170,E
9171,x
9172,i
9173,M
9174,o
9175,P
9176,O
9177,l
9178,A
9179,A
9180,E
9181,I
9182,a
9183,a
9184,M
9185,O
9186,N
9187,r
9188,N
9189,N
9190,T
9191,I
9192,N
9193,r
9194,B
9195,A
9196,A
9197,R
9198,A
9199,N
9200,A
9201,A
9202,o
9203,A
9204,E
9205,C
9206,T
9207,O
9208,1
9209,A
9210,A
9211,N
9212,e
9213,N
9214,P
9215,E
9216,a
9217,i
9218,a
9219,e
9220,A
9221,7
9222,I
9223,H
9224,E
9225,A
9226,R
9227,O
9228,E
9229,A
9230,a
9231,r
9232,A
9233,A
9234,E
9235,c
9236,N
9237,a
9238,E
9239,A
9240,A
9241,R
9242,a
9243,n
9244,O
9245,S
9246,A
9247,i
9248,E
9249,R
9250,O
9251,A
9252,I
9253,F
9254,N
9255,O
9256,i
9257,A
9258,A
9259,S
9260,e
9261,R
9262,T
9263,E
9264,T
9265,A
9266,N
9267,I
9268,O
9269,I
9270,E
9271,l
9272,A
9273,T
9274,N
9275,N
9276,a
9277,E
9278,R
9279,A
9280,R
9281,t
9282,E
9283,A
9284,O
9285,E
9286,D
9287,N
9288,o
9289,A
9290,O
9291,H
9292,N
9293,A
9294,r
9295,E
9296,U
9297,C
9298,R
9299,I
9300,T
9301,A
9302,N
9303,A
9304,r
9305,R
9306,I
9307,O
9308,A
9309,n
9310,a
9311,A
9312,R
9313,N
9314,A
9315,T
9316,A
9317,E
9318,A
9319,E
9320,U
9321,E
9322,N
9323,C
9324,S
9325,s
9326,N
9327,i
9328,R
9329,O
9330,R
9331,E
9332,C
9333,N
9334,N
9335,I
9336,i
9337,E
9338,I
9339,O
9340,A
9341,E
9342,R
9343,A
9344,I
9345,R
9346,i
9347,O
9348,a
9349,A
9350,e
9351,I
9352,N
9353,E
9354,A
9355,n
9356,R
9357,I
9358,T
9359,W
9360,I
9361,A
9362,D
9363,I
9364,a
9365,N
9366,a
9367,A
9368,T
9369,6
9370,a
9371,D
9372,O
9373,C
9374,A
9375,A
9376,C
9377,E
9378,E
9379,N
9380,E
9381,T
9382,A
9383,A
9384,O
9385,m
9386,1
9387,H
9388,R
9389,O
9390,r
9391,E
9392,R
9393,S
9394,A
9395,A
9396,L
9397,A
9398,n
9399,I
9400,N
9401,A
9402,N
9403,1
9404,O
9405,N
9406,e
9407,O
9408,R
9409,e
9410,o
9411,A
9412,E
9413,n
9414,N
9415,A
9416,A
9417,D
9418,O
9419,A
9420,A
9421,N
9422,O
9423,N
9424,O
9425,N
9426,E
9427,O
9428,A
9429,O
9430,T
9431,A
9432,A
9433,D
9434,e
9435,E
9436,T
9437,e
9438,a
9439,N
9440,E
9441,A
9442,e
9443,N
9444,L
9445,I
9446,i
9447,A
9448,R
9449,N
9450,O
9451,e
9452,e
9453,h
9454,a
9455,L
9456,a
9457,S
9458,d
9459,D
9460,a
9461,T
9462,N
9463,i
9464,e
9465,D
9466,A
9467,E
9468,S
9469,B
9470,e
9471,A
9472,N
9473,A
9474,N
9475,A
9476,O
9477,A
9478,N
9479,I
9480,e
9481,S
9482,1
9483,T
9484,A
9485,R
9486,N
9487,N
9488,A
9489,A
9490,x
9491,A
9492,E
9493,D
9494,0
9495,N
9496,S
9497,E
9498,i
9499,R
9500,P
9501,r
9502,0
9503,E
9504,O
9505,A
9506,7
9507,E
9508,N
9509,1
9510,R
9511,O
9512,A
9513,E
9514,A
9515,3
9516,R
9517,O
9518,A
9519,E
9520,O
9521,A
9522,A
9523,S
9524,A
9525,N
9526,A
9527,e
9528,N
9529,A
9530,L
9531,D
9532,A
9533,N
9534,A
9535,D
9536,N
9537,A
9538,I
9539,a
9540,t
9541,i
9542,E
9543,r
9544,A
9545,O
9546,r
9547,o
9548,E
9549,B
9550,I
9551,A
9552,S
9553,e
9554,R
9555,E
9556,E
9557,O
9558,S
9559,O
9560,9
9561,E
9562,S
9563,N
9564,A
9565,t
9566,A
9567,T
9568,I
9569,A
9570,V
9571,E
9572,a
9573,O
9574,I
9575,E
9576,T
9577,E
9578,R
9579,e
9580,a
9581,T
9582,A
9583,R
9584,r
9585,A
9586,A
9587,D
9588,O
9589,O
9590,A
9591,H
9592,a
9593,i
9594,O
9595,O
9596,r
9597,A
9598,R
9599,A
9600,A
9601,R
9602,i
9603,O
9604,o
9605,L
9606,1
9607,A
9608,E
9609,A
9610,H
9611,I
9612,R
9613,A
9614,e
9615,A
9616,n
9617,S
9618,E
9619,a
9620,I
9621,A
9622,O
9623,A
9624,A
9625,l
9626,A
9627,I
9628,a
9629,C
9630,B
9631,A
9632,O
9633,O
9634,C
9635,A
9636,i
9637,R
9638,R
9639,A
9640,I
9641,T
9642,e
9643,O
9644,O
9645,o
9646,R
9647,E
9648,N
9649,E
9650,T
9651,D
9652,O
9653,A
9654,O
9655,e
9656,A
9657,I
9658,O
9659,e
9660,A
9661,T
9662,E
9663,O
9664,O
9665,T
9666,l
9667,A
9668,A
9669,A
9670,N
9671,D
9672,D
9673,A
9674,l
9675,t
9676,E
9677,A
9678,o
9679,x
9680,t
9681,A
9682,R
9683,R
9684,O
9685,A
9686,E
9687,n
9688,R
9689,S
9690,A
9691,D
9692,N
9693,L
9694,a
9695,C
9696,A
9697,D
9698,N
9699,l
9700,l
9701,i
9702,A
9703,r
9704,A
9705,A
9706,A
9707,T
9708,x
9709,I
9710,E
9711,1
9712,O
9713,I
9714,I
9715,T
9716,e
9717,T
9718,a
9719,O
9720,R
9721,A
9722,O
9723,A
9724,A
9725,i
9726,O
9727,a
9728,l
9729,a
9730,t
9731,a
9732,n
9733,D
9734,a
9735,N
9736,A
9737,e
9738,E
9739,O
9740,E
9741,D
9742,R
9743,B
9744,N
9745,N
9746,N
9747,o
9748,A
9749,I
9750,A
9751,N
9752,I
9753,O
9754,N
9755,A
9756,A
9757,E
9758,8
9759,B
9760,E
9761,i
9762,H
9763,o
9764,B
9765,T
9766,R
9767,e
9768,A
9769,A
9770,i
9771,r
9772,A
9773,I
9774,o
9775,P
9776,E
9777,e
9778,7
9779,I
9780,O
9781,e
9782,A
9783,O
9784,R
9785,I
9786,A
9787,A
9788,A
9789,1
9790,R
9791,N
9792,O
9793,t
9794,A
9795,N
9796,l
9797,l
9798,A
9799,A
9800,O
9801,O
9802,E
9803,8
9804,R
9805,n
9806,A
9807,O
9808,E
9809,N
9810,R
9811,T
9812,I
9813,L
9814,l
9815,e
9816,r
9817,A
9818,a
9819,I
9820,R
9821,A
9822,N
9823,R
9824,m
9825,A
9826,A
9827,C
9828,I
9829,A
9830,O
9831,O
9832,I
9833,a
9834,O
9835,A
9836,D
9837,L
9838,A
9839,N
9840,I
9841,A
9842,E
9843,V
9844,I
9845,S
9846,A
9847,O
9848,R
9849,A
9850,C
9851,O
9852,E
9853,e
9854,A
9855,R
9856,O
9857,D
9858,A
9859,t
9860,O
9861,S
9862,S
9863,B
9864,o
9865,a
9866,D
9867,O
9868,I
9869,B
9870,S
9871,E
9872,a
9873,E
9874,A
9875,J
9876,T
9877,P
9878,S
9879,E
9880,E
9881,n
9882,A
9883,N
9884,M
9885,c
9886,7
9887,N
9888,R
9889,E
9890,a
9891,d
9892,O
9893,e
9894,R
9895,u
9896,i
9897,a
9898,i
9899,e
9900,A
9901,D
9902,E
9903,N
9904,I
9905,s
9906,r
9907,l
9908,I
9909,e
9910,A
9911,O
9912,A
9913,n
9914,R
9915,R
9916,R
9917,I
9918,i
9919,A
9920,i
9921,C
9922,R
9923,T
9924,O
9925,O
9926,e
9927,N
9928,A
9929,A
9930,C
9931,T
9932,I
9933,o
9934,E
9935,A
9936,A
9937,F
9938,N
9939,H
9940,A
9941,P
9942,I
9943,E
9944,E
9945,N
9946,E
9947,I
9948,v
9949,E
9950,E
9951,A
9952,m
9953,T
9954,l
9955,O
9956,s
9957,S
9958,T
9959,o
9960,r
9961,N
9962,i
9963,A
9964,I
9965,S
9966,A
9967,i
9968,I
9969,R
9970,u
9971,R
9972,N
9973,O
9974,a
9975,l
9976,N
9977,R
9978,r
9979,N
9980,T
9981,i
9982,C
9983,d
9984,A
9985,E
9986,A
9987,E
9988,A
9989,A
9990,1
9991,S
9992,I
9993,A
9994,A
9995,I
9996,a
9997,E
9998,T
9999,H
